site,url,found,avatar,last_activity
allmylinks,https://allmylinks.com/upliftedl,False,,
bookcrossing,https://www.bookcrossing.com/mybookshelf/upliftedl/,False,,
academia.edu,https://independent.academia.edu/upliftedl,False,,
cloudflarecommunity,https://community.cloudflare.com/u/upliftedl,False,,
clapper,https://clapperapp.com/upliftedl,False,,
codepen,https://codepen.io/upliftedl,True,,
audiojungle,https://audiojungle.net/user/upliftedl,True,,
empretienda ar,https://upliftedl.empretienda.com.ar,False,,
atcoder,https://atcoder.jp/users/upliftedl,False,,
bitbucket,https://bitbucket.org/upliftedl/,False,,
dealabs,https://www.dealabs.com/profile/upliftedl,False,,
discord,https://discord.com,False,,
dev community,https://dev.to/upliftedl,False,,
asciinema,https://asciinema.org/~upliftedl,False,,
exposure,https://upliftedl.exposure.co/,False,,
bitwarden forum,https://community.bitwarden.com/u/upliftedl/summary,False,,
buymeacoffee,https://buymeacoff.ee/upliftedl,False,,
discogs,https://www.discogs.com/user/upliftedl,False,,
chaos,https://chaos.social/@upliftedl,False,,
anilist,https://anilist.co/user/upliftedl/,False,,
codewars,https://www.codewars.com/users/upliftedl,True,,
7cups,https://www.7cups.com/@upliftedl,False,,
codeberg,https://codeberg.org/upliftedl,False,,
codechef,https://www.codechef.com/users/upliftedl,False,,
career.habr,https://career.habr.com/upliftedl,True,,
9gag,https://www.9gag.com/u/upliftedl,False,,
scribd,https://www.scribd.com/upliftedl,True,,
ctan,https://ctan.org/author/upliftedl,False,,
codecademy,https://www.codecademy.com/profiles/upliftedl,True,,
carbonmade,https://upliftedl.carbonmade.com,False,,
researchgate,https://www.researchgate.net/profile/upliftedl,False,,
coinvote,https://coinvote.cc/profile/upliftedl,False,,
2dimensions,https://2Dimensions.com/a/upliftedl,True,,
1337x,https://www.1337x.to/user/upliftedl/,True,,
fixya,https://www.fixya.com/users/upliftedl,False,,
cnet,https://www.cnet.com/profiles/upliftedl/,True,,
clubhouse,https://www.clubhouse.com/@upliftedl,False,,
about.me,https://about.me/upliftedl,True,,
discuss.elastic.co,https://discuss.elastic.co/u/upliftedl,True,,
mstdn.io,https://mstdn.io/@upliftedl,False,,
dailymotion,https://www.dailymotion.com/upliftedl,False,,
wikidot,http://www.wikidot.com/user:info/upliftedl,True,,
bandcamp,https://www.bandcamp.com/upliftedl,True,,
dribbble,https://dribbble.com/upliftedl,True,,
avizo,https://www.avizo.cz/upliftedl/,False,,
crowdin,https://crowdin.com/profile/upliftedl,True,,
ifttt,https://www.ifttt.com/p/upliftedl,True,,
crevado,https://upliftedl.crevado.com,True,,
disqus,https://disqus.com/upliftedl,False,,
linkedin,https://linkedin.com/in/upliftedl,True,,
all things worn,https://www.allthingsworn.com/profile/upliftedl,True,,
coderwall,https://coderwall.com/upliftedl,True,,
docker hub,https://hub.docker.com/u/upliftedl/,True,,
duolingo,https://www.duolingo.com/profile/upliftedl,False,,
apple developer,https://developer.apple.com/forums/profile/upliftedl,True,,
championat,https://www.championat.com/user/upliftedl,True,,
cyberdefenders,https://cyberdefenders.org/p/upliftedl,True,,
twitter,https://x.com/upliftedl,False,,
splits.io,https://splits.io/users/upliftedl,False,,
airbit,https://airbit.com/upliftedl,True,,
bugcrowd,https://bugcrowd.com/upliftedl,False,,
packagist,https://packagist.org/packages/upliftedl/,False,,
icons8 community,https://community.icons8.com/u/upliftedl/summary,False,,
moikrug,https://moikrug.ru/upliftedl,True,,
mastodon.social,https://mastodon.social/@upliftedl,False,,
apple discussions,https://discussions.apple.com/profile/upliftedl,True,,
minds,https://www.minds.com/upliftedl/,False,,
deviantart,https://upliftedl.deviantart.com,True,,
velog,https://velog.io/@upliftedl/posts,True,,
sportsru,https://www.sports.ru/profile/upliftedl/,True,,
imgup.cz,https://imgup.cz/upliftedl,False,,
pypi,https://pypi.org/user/upliftedl,False,,
clozemaster,https://www.clozemaster.com/players/upliftedl,True,,
myanimelist,https://myanimelist.net/profile/upliftedl,False,,
biggerpockets,https://www.biggerpockets.com/users/upliftedl,True,,
contently,https://upliftedl.contently.com/,False,,
patreon,https://www.patreon.com/upliftedl,True,,
slant,https://www.slant.co/users/upliftedl,False,,
freelancer,https://www.freelancer.com/u/upliftedl,True,,
sketchfab,https://sketchfab.com/upliftedl,False,,
kofi,https://ko-fi.com/upliftedl,False,,
toster,https://www.toster.ru/user/upliftedl/answers,False,,
rarible,https://rarible.com/marketplace/api/v4/urls/upliftedl,False,,
slideshare,https://slideshare.net/upliftedl,True,,
dailykos,https://www.dailykos.com/user/upliftedl,False,,
themeforest,https://themeforest.net/user/upliftedl,True,,
google play,https://play.google.com/store/apps/developer?id=upliftedl,True,,
ultimate-guitar,https://ultimate-guitar.com/u/upliftedl,False,,
gitea,https://gitea.com/upliftedl,False,,
image fap,https://www.imagefap.com/profile/upliftedl,False,,
wix,https://upliftedl.wix.com,False,,
slack,https://upliftedl.slack.com,True,,
f3.cool,https://f3.cool/upliftedl/,False,,
gradle,https://plugins.gradle.org/u/upliftedl,False,,
bazar.cz,https://www.bazar.cz/upliftedl/,False,,
wikipedia,https://en.wikipedia.org/wiki/Special:CentralAuth/upliftedl?uselang=qqx,True,,
omg.lol,https://upliftedl.omg.lol,False,,
gitbook,https://upliftedl.gitbook.io/,False,,
archive.org,https://archive.org/details/@upliftedl,False,,
gesundheitsfrage,https://www.gesundheitsfrage.net/nutzer/upliftedl,False,,
weebly,https://upliftedl.weebly.com/,False,,
cgtrader,https://www.cgtrader.com/upliftedl,True,,
gnome vcs,https://gitlab.gnome.org/upliftedl,False,,
warrior forum,https://www.warriorforum.com/members/upliftedl.html,True,,
yandexmusic,https://music.yandex/users/upliftedl/playlists,False,,
webnode,https://upliftedl.webnode.cz/,False,,
myspace,https://myspace.com/upliftedl,True,,
tiendanube,https://upliftedl.mitiendanube.com/,False,,
pinkbike,https://www.pinkbike.com/u/upliftedl/,False,,
grailed,https://www.grailed.com/upliftedl,True,,
tryhackme,https://tryhackme.com/p/upliftedl,False,,
getmyuni,https://www.getmyuni.com/user/upliftedl,False,,
typeracer,https://data.typeracer.com/pit/profile?user=upliftedl,True,,
launchpad,https://launchpad.net/~upliftedl,True,,
kik,https://kik.me/upliftedl,False,,
hackerone,https://hackerone.com/upliftedl,True,,
tuna,https://tuna.voicemod.net/user/upliftedl,True,,
npm,https://www.npmjs.com/~upliftedl,True,,
strava,https://www.strava.com/athletes/upliftedl,True,,
xvideos,https://xvideos.com/profiles/upliftedl,False,,
instructables,https://www.instructables.com/member/upliftedl,True,,
freelance.habr,https://freelance.habr.com/freelancers/upliftedl,False,,
opensource,https://opensource.com/users/upliftedl,False,,
tradingview,https://www.tradingview.com/u/upliftedl/,True,,
nyaa.si,https://nyaa.si/user/upliftedl,True,,
hashnode,https://hashnode.com/@upliftedl,True,,
kick,https://kick.com/upliftedl,False,,
eintracht,https://community.eintracht.de/fans/upliftedl,True,,
eintracht frankfurt forum,https://community.eintracht.de/fans/upliftedl,True,,
tweakers,https://tweakers.net/gallery/upliftedl,True,,
soylentnews,https://soylentnews.org/~upliftedl,True,,
hugging face,https://huggingface.co/upliftedl,True,,
bluesky,https://bsky.app/profile/upliftedl.bsky.social,True,,
opennet,https://www.opennet.ru/~upliftedl,True,,
redbubble,https://www.redbubble.com/people/upliftedl,False,,
kaggle,https://www.kaggle.com/upliftedl,True,,
imgur,https://imgur.com/user/upliftedl,False,,
traktrain,https://traktrain.com/upliftedl,True,,
pentesterlab,https://pentesterlab.com/profile/upliftedl,False,,
vk,https://vk.com/upliftedl,False,,
scratch,https://scratch.mit.edu/users/upliftedl,False,,
memrise,https://www.memrise.com/user/upliftedl/,False,,
kwork,https://kwork.ru/user/upliftedl,True,,
sublimeforum,https://forum.sublimetext.com/u/upliftedl,False,,
authorstream,http://www.authorstream.com/upliftedl/,False,,
holopin,https://holopin.io/@upliftedl,True,,
polygon,https://www.polygon.com/users/upliftedl,True,,
instagram,https://instagram.com/upliftedl,True,,
swapd,https://swapd.co/u/upliftedl,True,,
spotify,https://open.spotify.com/user/upliftedl,False,,
football,https://www.rusfootball.info/user/upliftedl/,True,,
promodj,http://promodj.com/upliftedl,False,,
d3ru,https://d3.ru/user/upliftedl/posts,True,,
hackster,https://www.hackster.io/upliftedl,True,,
hackthebox,https://forum.hackthebox.com/u/upliftedl,False,,
forum_guns,https://forum.guns.ru/forummisc/blog/upliftedl,True,,
replit.com,https://replit.com/@upliftedl,False,,
nnru,https://upliftedl.www.nn.ru/,True,,
chaos.social,https://chaos.social/@upliftedl,False,,
gutefrage,https://www.gutefrage.net/nutzer/upliftedl,False,,
gravatar,http://en.gravatar.com/upliftedl,True,,
wordnik,https://www.wordnik.com/users/upliftedl,True,,
nightbot,https://nightbot.tv/t/upliftedl/commands,False,,
trashboxru,https://trashbox.ru/users/upliftedl,False,,
github,https://www.github.com/upliftedl,True,,
note,https://note.com/upliftedl,False,,
mmorpg forum,https://forums.mmorpg.com/profile/upliftedl,False,,
mydramalist,https://www.mydramalist.com/profile/upliftedl,False,,
motorradfrage,https://www.motorradfrage.net/nutzer/upliftedl,False,,
myminifactory,https://www.myminifactory.com/users/upliftedl,False,,
motherless,https://motherless.com/m/upliftedl,False,,
chaturbate,https://chaturbate.com/upliftedl,False,,
openstreetmap,https://www.openstreetmap.org/user/upliftedl,False,,
znanylekarz.pl,https://www.znanylekarz.pl/upliftedl,False,,
xhamster,https://xhamster.com/users/upliftedl,False,,
monkeytype,https://monkeytype.com/profile/upliftedl,False,,
uid,http://uid.me/upliftedl,False,,
threads,https://www.threads.net/@upliftedl,False,,
mixcloud,https://www.mixcloud.com/upliftedl/,False,,
rajce.net,https://upliftedl.rajce.idnes.cz/,False,,
svidbook,https://www.svidbook.ru/user/upliftedl,False,,
spletnik,https://spletnik.ru/user/upliftedl,False,,
minecraft,https://api.mojang.com/users/profiles/minecraft/upliftedl,False,,
social.tchncs.de,https://social.tchncs.de/@upliftedl,False,,
sessionize,https://sessionize.com/upliftedl,False,,
needrom,https://www.needrom.com/author/upliftedl/,False,,
nintendolife,https://www.nintendolife.com/users/upliftedl,False,,
venmo,https://account.venmo.com/u/upliftedl,False,,
satsisru,https://satsis.info/user/upliftedl,False,,
virustotal,https://www.virustotal.com/gui/user/upliftedl,False,,
prog.hu,https://prog.hu/azonosito/info/upliftedl,False,,
velomania,https://forum.velomania.ru/member.php?username=upliftedl,False,,
pr0gramm,https://pr0gramm.com/user/upliftedl,False,,
boardgamegeek,https://boardgamegeek.com/user/upliftedl,False,,
bongacams,https://pt.bongacams.com/profile/upliftedl,False,,
pikabu,https://pikabu.ru/@upliftedl,False,,
lottiefiles,https://lottiefiles.com/upliftedl,False,,
naver,https://blog.naver.com/upliftedl,False,,
phpru,https://php.ru/forum/members/?username=upliftedl,False,,
lobsters,https://lobste.rs/u/upliftedl,False,,
cryptomator forum,https://community.cryptomator.org/u/upliftedl,False,,
houzz,https://houzz.com/user/upliftedl,False,,
dmoj,https://dmoj.ca/user/upliftedl,False,,
livejournal,https://upliftedl.livejournal.com,False,,
fameswap,https://fameswap.com/user/upliftedl,False,,
fandom,https://www.fandom.com/u/upliftedl,False,,
nairaland.com,https://www.nairaland.com/upliftedl,False,,
trello,https://trello.com/upliftedl,False,,
mercadolivre,https://www.mercadolivre.com.br/perfil/upliftedl,False,,
listed,https://listed.to/@upliftedl,False,,
mastodon.xyz,https://mastodon.xyz/@upliftedl,False,,
torrentgalaxy,https://torrentgalaxy.to/profile/upliftedl,False,,
mastodon.cloud,https://mastodon.cloud/@upliftedl,False,,
linktree,https://linktr.ee/upliftedl,False,,
car talk community,https://community.cartalk.com/u/upliftedl/summary,False,,
livelib,https://www.livelib.ru/reader/upliftedl,False,,
sbazar.cz,https://www.sbazar.cz/upliftedl,False,,
steam community (user),https://steamcommunity.com/id/upliftedl/,False,,
leasehackr,https://forum.leasehackr.com/u/upliftedl/summary/,False,,
lichess,https://lichess.org/@/upliftedl,False,,
last.fm,https://last.fm/user/upliftedl,False,,
telegram,https://t.me/upliftedl,False,,
hackaday,https://hackaday.io/upliftedl,False,,
soundcloud,https://soundcloud.com/upliftedl,False,,
untappd,https://untappd.com/user/upliftedl,False,,
coders rank,https://profile.codersrank.io/user/upliftedl/,False,,
heavy-r,https://www.heavy-r.com/user/upliftedl,False,,
librarything,https://www.librarything.com/profile/upliftedl,False,,
erome,https://www.erome.com/upliftedl,False,,
nationstates nation,https://nationstates.net/nation=upliftedl,False,,
jeuxvideo,https://www.jeuxvideo.com/profil/upliftedl,False,,
jbzd.com.pl,https://jbzd.com.pl/uzytkownik/upliftedl,False,,
letterboxd,https://letterboxd.com/upliftedl,False,,
irecommend,https://irecommend.ru/users/upliftedl,False,,
interpals,https://www.interpals.net/upliftedl,False,,
lesswrong,https://www.lesswrong.com/users/@upliftedl,False,,
envato forum,https://forums.envato.com/u/upliftedl,False,,
hackenproof (hackers),https://hackenproof.com/hackers/upliftedl,False,,
igromania,http://forum.igromania.ru/member.php?username=upliftedl,False,,
sourceforge,https://sourceforge.net/u/upliftedl,False,,
spells8,https://forum.spells8.com/u/upliftedl,False,,
freesound,https://freesound.org/people/upliftedl/,False,,
hunting,https://www.hunting.ru/forum/members/?username=upliftedl,False,,
leetcode,https://leetcode.com/upliftedl,False,,
habr,https://habr.com/ru/users/upliftedl,False,,
lor,https://www.linux.org.ru/people/upliftedl/profile,False,,
autofrage,https://www.autofrage.net/nutzer/upliftedl,False,,
reisefrage,https://www.reisefrage.net/nutzer/upliftedl,False,,
geocaching,https://www.geocaching.com/p/default.aspx?u=upliftedl,False,,
furaffinity,https://www.furaffinity.net/user/upliftedl,False,,
freecodecamp,https://www.freecodecamp.org/upliftedl,False,,
giphy,https://giphy.com/upliftedl,False,,
windy,https://community.windy.com/user/upliftedl,False,,
medium,https://medium.com/@upliftedl,False,,
roblox,https://www.roblox.com/user.aspx?username=upliftedl,False,,
playstore,https://play.google.com/store/apps/developer?id=upliftedl,False,,
fl,https://www.fl.ru/users/upliftedl,False,,
signal,https://community.signalusers.org/u/upliftedl,False,,
egpu,https://egpu.io/forums/profile/upliftedl/,False,,
keybase,https://keybase.io/upliftedl,False,,
drive2,https://www.drive2.ru/users/upliftedl,False,,
genius (artists),https://genius.com/artists/upliftedl,False,,
ourdjtalk,https://ourdjtalk.com/members?username=upliftedl,False,,
polymart,https://polymart.org/user/upliftedl,False,,
aniworld,https://aniworld.to/user/profil/upliftedl,False,,
periscope,https://www.periscope.tv/upliftedl/,False,,
notabug.org,https://notabug.org/upliftedl,False,,
devrant,https://devrant.com/users/upliftedl,False,,
kaskus,https://www.kaskus.co.id/@upliftedl,False,,
digitalspy,https://forums.digitalspy.com/profile/upliftedl,False,,
caddy community,https://caddy.community/u/upliftedl/summary,False,,
artstation,https://www.artstation.com/upliftedl,False,,
datingru,http://dating.ru/upliftedl,False,,
gamespot,https://www.gamespot.com/profile/upliftedl/,False,,
geeksforgeeks,https://auth.geeksforgeeks.org/user/upliftedl,False,,
flipboard,https://flipboard.com/@upliftedl,False,,
couchsurfing,https://www.couchsurfing.com/people/upliftedl,False,,
joplin forum,https://discourse.joplinapp.org/u/upliftedl,False,,
wordpress,https://upliftedl.wordpress.com/,False,,
newgrounds,https://upliftedl.newgrounds.com,False,,
babyblogru,https://www.babyblog.ru/user/upliftedl,False,,
jimdo,https://upliftedl.jimdosite.com,False,,
akniga,https://akniga.org/profile/upliftedl,False,,
youtube,https://www.youtube.com/@upliftedl,False,,
wordpressorg,https://profiles.wordpress.org/upliftedl/,False,,
kongregate,https://www.kongregate.com/accounts/upliftedl,False,,
lushstories,https://www.lushstories.com/profile/upliftedl,False,,
youporn,https://youporn.com/uservids/upliftedl,False,,
youpic,https://youpic.com/photographer/upliftedl/,False,,
itemfix,https://www.itemfix.com/c/upliftedl,False,,
xbox gamertag,https://xboxgamertag.com/search/upliftedl,False,,
itch.io,https://upliftedl.itch.io/,False,,
buzzfeed,https://buzzfeed.com/upliftedl,False,,
wykop,https://www.wykop.pl/ludzie/upliftedl,False,,
younow,https://www.younow.com/upliftedl/,False,,
jellyfin weblate,https://translate.jellyfin.org/user/upliftedl/,False,,
eyeem,https://www.eyeem.com/u/upliftedl,False,,
exophase,https://www.exophase.com/user/upliftedl/,False,,
nicommunityforum,https://community.native-instruments.com/profile/upliftedl,False,,
wicg forum,https://discourse.wicg.io/u/upliftedl/summary,False,,
nationstates region,https://nationstates.net/region=upliftedl,False,,
nextcloud forum,https://help.nextcloud.com/u/upliftedl/summary,False,,
trawelling,https://traewelling.de/@upliftedl,False,,
hackernews,https://news.ycombinator.com/user?id=upliftedl,False,,
hubpages,https://hubpages.com/@upliftedl,False,,
bravecommunity,https://community.brave.com/u/upliftedl/,False,,
hackerrank,https://hackerrank.com/upliftedl,False,,
osu!,https://osu.ppy.sh/users/upliftedl,False,,
weblate,https://hosted.weblate.org/user/upliftedl/,False,,
pastebin,https://pastebin.com/u/upliftedl,False,,
intigriti,https://app.intigriti.com/profile/upliftedl,False,,
ask fedora,https://ask.fedoraproject.org/u/upliftedl,False,,
vimeo,https://vimeo.com/upliftedl,False,,
tetr.io,https://ch.tetr.io/u/upliftedl,False,,
hubski,https://hubski.com/user/upliftedl,False,,
psnprofiles.com,https://psnprofiles.com/upliftedl,False,,
irc-galleria,https://irc-galleria.net/user/upliftedl,False,,
fanpop,https://www.fanpop.com/fans/upliftedl,False,,
cults3d,https://cults3d.com/en/users/upliftedl/creations,False,,
vero,https://vero.co/upliftedl,False,,
vlr,https://www.vlr.gg/user/upliftedl,False,,
hudsonrock,https://cavalier.hudsonrock.com/api/json/v2/osint-tools/search-by-username?username=upliftedl,False,,
slides,https://slides.com/upliftedl,False,,
rumble,https://rumble.com/user/upliftedl,False,,
rockettube,https://www.rockettube.com/upliftedl,False,,
runescape,https://apps.runescape.com/runemetrics/app/overview/player/upliftedl,False,,
trakt,https://www.trakt.tv/users/upliftedl,False,,
cssbattle,https://cssbattle.dev/player/upliftedl,False,,
snapchat,https://www.snapchat.com/add/upliftedl,False,,
ionic forum,https://forum.ionicframework.com/u/upliftedl,False,,
coroflot,https://www.coroflot.com/upliftedl,False,,
wattpad,https://www.wattpad.com/user/upliftedl,False,,
tellonym.me,https://tellonym.me/upliftedl,False,,
issuu,https://issuu.com/upliftedl,False,,
colourlovers,https://www.colourlovers.com/lover/upliftedl,False,,
harvard scholar,https://scholar.harvard.edu/upliftedl,False,,
wolframalphaforum,https://community.wolfram.com/web/upliftedl/home,False,,
airliners,https://www.airliners.net/user/upliftedl/profile/photos,False,,
steam community (group),https://steamcommunity.com/groups/upliftedl,False,,
vsco,https://vsco.co/upliftedl,False,,
sportlerfrage,https://www.sportlerfrage.net/nutzer/upliftedl,False,,
hackerearth,https://hackerearth.com/@upliftedl,False,,
unsplash,https://unsplash.com/@upliftedl,False,,
topcoder,https://profiles.topcoder.com/upliftedl/,False,,
cracked,https://www.cracked.com/members/upliftedl/,False,,
gumroad,https://www.gumroad.com/upliftedl,False,,
star citizen,https://robertsspaceindustries.com/citizens/upliftedl,False,,
archive of our own,https://archiveofourown.org/users/upliftedl,False,,
tenor,https://tenor.com/users/upliftedl,False,,
pornhub,https://pornhub.com/users/upliftedl,False,,
tnaflix,https://www.tnaflix.com/profile/upliftedl,False,,
blogger,https://upliftedl.blogspot.com,False,,
sporcle,https://www.sporcle.com/user/upliftedl/people,False,,
apclips,https://apclips.com/upliftedl,False,,
smugmug,https://upliftedl.smugmug.com,False,,
blipfoto,https://www.blipfoto.com/upliftedl,False,,
slashdot,https://slashdot.org/~upliftedl,False,,
splice,https://splice.com/upliftedl,False,,
goodreads,https://www.goodreads.com/upliftedl,False,,
speedrun.com,https://speedrun.com/users/upliftedl,False,,
admireme.vip,https://admireme.vip/upliftedl,False,,
reverbnation,https://www.reverbnation.com/upliftedl,False,,
gitlab,https://gitlab.com/upliftedl,False,,
smule,https://www.smule.com/upliftedl,False,,
biohacking,https://forum.dangerousthings.com/u/upliftedl,False,,
codeforces,https://codeforces.com/profile/upliftedl,False,,
reddit,https://www.reddit.com/user/upliftedl,False,,
shitpostbot5000,https://www.shitpostbot.com/user/upliftedl,False,,
rclone forum,https://forum.rclone.org/u/upliftedl,False,,
giant bomb,https://www.giantbomb.com/profile/upliftedl/,False,,
pokemon showdown,https://pokemonshowdown.com/users/upliftedl,False,,
code snippet wiki,https://codesnippets.fandom.com/wiki/User:upliftedl,False,,
gaiaonline,https://www.gaiaonline.com/profiles/upliftedl,False,,
flightradar24,https://my.flightradar24.com/upliftedl,False,,
gitee,https://gitee.com/upliftedl,False,,
chess,https://www.chess.com/member/upliftedl,False,,
fosstodon,https://fosstodon.org/@upliftedl,False,,
bezuzyteczna,https://bezuzyteczna.pl/uzytkownicy/upliftedl,False,,
royalcams,https://royalcams.com/profile/upliftedl,False,,
genius (users),https://genius.com/upliftedl,False,,
forum ophilia,https://www.forumophilia.com/profile.php?mode=viewprofile&u=upliftedl,False,,
pcgamer,https://forums.pcgamer.com/members/?username=upliftedl,False,,
rubygems,https://rubygems.org/profiles/upliftedl,False,,
redtube,https://www.redtube.com/users/upliftedl,False,,
pepperit,https://www.pepper.it/profile/upliftedl/overview,False,,
polarsteps,https://polarsteps.com/upliftedl,False,,
fortnitetracker,https://fortnitetracker.com/profile/all/upliftedl,False,,
choice community,https://choice.community/u/upliftedl/summary,False,,
booth,https://upliftedl.booth.pm/,False,,
rate your music,https://rateyourmusic.com/~upliftedl,False,,
ninja kiwi,https://ninjakiwi.com/profile/upliftedl,False,,
pocketstars,https://pocketstars.com/upliftedl,False,,
chatujme.cz,https://profil.chatujme.cz/upliftedl,False,,
behance,https://www.behance.net/upliftedl,False,,
flickr,https://www.flickr.com/people/upliftedl,False,,
producthunt,https://www.producthunt.com/@upliftedl,False,,
finanzfrage,https://www.finanzfrage.net/nutzer/upliftedl,False,,
nitrotype,https://www.nitrotype.com/racer/upliftedl,False,,
